{"city": "Shanghai", "timestamp": "2026-08-27 18:45:17", "temperature_f": 82}
{"city": "Pittsburgh", "timestamp": "2026-08-27 18:45:18", "temperature_f": 64}
{"city": "Pittsburgh", "timestamp": "2026-08-27 18:45:18", "temperature_f": 64}
{"city": "Shanghai", "timestamp": "2026-08-27 18:45:19", "temperature_f": 82}
{"city": "Shanghai", "timestamp": "2026-08-27 18:45:19", "temperature_f": 82}
{"city": "Pittsburgh", "timestamp": "2026-08-27 18:45:20", "temperature_f": 64}
{"city": "Pittsburgh", "timestamp": "2026-08-27 18:45:20", "temperature_f": 64}
{"city": "Pittsburgh", "timestamp": "2026-08-27 18:45:21", "temperature_f": 64}
{"city": "Pittsburgh", "timestamp": "2026-08-27 18:45:22", "temperature_f": 64}
{"city": "Shanghai", "timestamp": "2026-08-27 18:45:22", "temperature_f": 82}
{"city": "Shanghai", "timestamp": "2026-08-27 18:45:23", "temperature_f": 82}
{"city": "Shanghai", "timestamp": "2026-08-27 18:45:23", "temperature_f": 82}
{"city": "Shanghai", "timestamp": "2026-08-27 18:45:24", "temperature_f": 82}
{"city": "San Francisco", "timestamp": "2026-08-27 18:45:24", "temperature_f": 68}
{"city": "San Francisco", "timestamp": "2026-08-27 18:45:25", "temperature_f": 68}
{"city": "Pittsburgh", "timestamp": "2026-08-27 18:45:25", "temperature_f": 64}
{"city": "Pittsburgh", "timestamp": "2026-08-27 18:45:26", "temperature_f": 64}
{"city": "Pittsburgh", "timestamp": "2026-08-27 18:45:26", "temperature_f": 64}
{"city": "Shanghai", "timestamp": "2026-08-27 18:45:27", "temperature_f": 82}
{"city": "Shanghai", "timestamp": "2026-08-27 18:45:27", "temperature_f": 82}
